functional_impact	pvalue	adj_pvalue
Low	0.46762736680489925	1
Moderate	0.7940420844856966	1
High	0.47186158375509146	1
