Project	Species	NumIsolates	AvgGenomeBP	TotalBP	NumVariantSite	NumBiallelicSite	NumTriallelicSite	NumQuadallelicSite	NumMultiallelicSite	NumVariantLow	NumBiallelicLow	NumMultiallelicLow	NumVariantModerate	NumBiallelicModerate	NumMultiallelicModerate	NumVariantHigh	NumBiallelicHigh	NumMultiallelicHigh	MaxSNPDist	NumBiallelicOverlappingGene	Percent	Baseline	Low	Moderate	High	LowDiversity	Max. Pairwise SNP distance	Plot_name	hex_color	color
Cd_1	C. difficile	137	4300000	589100000	3667	3662	5	0	5	2148	2148	0	1446	1441	5	56	56	0	2738	72	100	0.0013635124079629125	0	0.003457814661134163	0	TRUE	Low	C. difficle #1	#469990	teal
Cd_3	C. difficile	107	4300000	460100000	144131	140604	3471	56	3527	98420	95547	2873	47305	46082	1223	531	511	20	80084	11511	100	0.02447079393052154	0.029191221296484455	0.025853503857943137	0.03766478342749529	FALSE	High	C. difficle #3	#42d4f4	cyan
Cd_4	C. difficile	247	4300000	1062100000	124377	121917	2436	24	2460	81755	79807	1948	43217	42279	938	587	573	14	72812	7862	100	0.01977857642490171	0.02382728885083481	0.021704421871022977	0.02385008517887564	FALSE	High	C. difficle #4	#4363d8	blue
Kp_2	K. pneumoniae	286	5400000	1544400000	4534	4491	42	1	43	2656	2619	37	1739	1728	11	139	138	1	2125	8	100	0.009483899426554919	0.013930722891566265	0.0063254744105807935	0.007194244604316547	TRUE	Low	K. pneumoniae #2	#e6beff	lavendar
Sa_2	S. aureus	267	2800000	747600000	57399	57008	391	0	391	37814	37520	294	19282	19126	156	413	404	9	40302	38	100	0.0068119653652502655	0.00777489818585709	0.0080904470490613	0.021791767554479417	FALSE	High	S. aureus #2	#fabebe	pink
Efm_1	E. faecium	152	2900000	440800000	14149	14031	118	0	118	9788	9694	94	4281	4239	42	112	112	0	8107	8	100	0.008339812000848117	0.009603596240294238	0.009810791871058164	0	TRUE	Low	E. faecium #1	#9A6324	brown
Efs_1	E. faecalis	157	2900000	455300000	35171	34970	201	0	201	27105	26934	171	7485	7437	48	123	122	1	20891	20	100	0.005714935600352563	0.00630879911455451	0.006412825651302605	0.008130081300813009	TRUE	Low	E. faecalis #1	#bfef45	Lime
Lc_1	L. crispatus	28	2040000	57120000	45425	44889	531	5	536	33529	33055	474	11770	11644	126	229	226	3	23148	34	100	0.011799669785360484	0.014137015717736885	0.01070518266779949	0.013100436681222707	FALSE	High	L. crispatus #1	#f032e6	magenta
