functional_impact	pvalue	adj_pvalue
Low	0.6454253716336015	1
Moderate	0.8857101799989099	1
High	0.243525910309418	0.730577730928254
