functional_impact	pvalue	adj_pvalue
Low	0.7346341428271588	1
Moderate	0.9055280705615549	1
High	0.43578846180281666	1
